<configs>
<append xpath="/buffs/buff[@name='buffStatusCheck01']">
	<effect_group name="Adds Sleeping">
		<triggered_effect trigger="onSelfBuffUpdate" action="AddBuff" buff="buffSleepingMaster" target="self"/>
	</effect_group>
</append>
<append xpath="/buffs">
<!-- sleeping -->
<buff name="buffSleepingMaster" name_key="buffSleepingMasterName" description_key="buffSleepingMasterDesc" remove_on_death="false" icon="ui_game_symbol_SleepIconWhite">
		<stack_type value="ignore"/>
		<duration value="0"/>
		<update_rate value="30" />
		<display_value value="SleepyCounter"/>
		<display_value_key value="Sleepiness: {0}%"/>
		<effect_group name="Set CVars">
			<triggered_effect trigger="onSelfBuffUpdate" action="ModifyCVar" cvar="SleepyCounter" operation="set" value="1" target="self">
				<requirement name="NotHasBuff" buff="buffIsSleeping"/>
				<requirement name="NotHasBuff" buff="buffSleepingTrigger"/>
				<requirement name="CVarCompare" cvar="SleepyCounter" operation="LTE" value="0"/>
			</triggered_effect>
			
			<triggered_effect trigger="onSelfBuffUpdate" action="ModifyCVar" cvar="SleepyCounter" operation="add" value="1" target="self">
				<requirement name="NotHasBuff" buff="buffIsSleeping"/>
				<requirement name="NotHasBuff" buff="buffSleepingTrigger"/>
				<requirement name="CVarCompare" cvar="SleepyCounter" operation="LTE" value="100"/>
				<requirement name="CVarCompare" cvar="SleepyCounter" operation="GTE" value="1"/>
			</triggered_effect>
			
			<triggered_effect trigger="onSelfBuffUpdate" action="ModifyCVar" cvar="SleepyCounter" operation="set" value="100" target="self">
				<requirement name="NotHasBuff" buff="buffIsSleeping"/>
				<requirement name="NotHasBuff" buff="buffSleepingTrigger"/>
				<requirement name="CVarCompare" cvar="SleepyCounter" operation="GTE" value="100"/>
			</triggered_effect>
		</effect_group>
		<effect_group name="Reset on Death">
			<triggered_effect trigger="onSelfDied" action="ModifyCVar" cvar="SleepyCounter" operation="set" value="0" target="self"/>
		</effect_group>
	</buff>
	
<buff name="buffSleepingTrigger" hidden="true">
		<stack_type value="ignore"/>
		<duration value=".5"/>
		<effect_group name="Trigger Sleeping if Sleepy">
			<requirement name="CVarCompare" cvar="SleepyCounter" operation="GTE" value="1"/>
				<triggered_effect trigger="onSelfBuffStart" action="AddBuff" buff="buffIsSleeping" target="self"/>
		</effect_group>
	</buff>
<buff name="buffIsSleeping" hidden="true">
		<stack_type value="ignore"/>
		<duration value="0"/>
		<update_rate value=".35" />
		<effect_group name="Remove if not Triggered">
			<requirement name="NotHasBuff" buff="buffSleepingTrigger" target="self"/>
				<triggered_effect trigger="onSelfBuffStart" action="RemoveBuff" buff="buffIsSleeping" target="self"/>
				<triggered_effect trigger="onSelfBuffUpdate" action="RemoveBuff" buff="buffIsSleeping" target="self"/>
		</effect_group>
		<effect_group name="Remove at 0">
			<requirement name="CVarCompare" cvar="SleepyCounter" operation="LTE" value="0"/>
				<triggered_effect trigger="onSelfBuffStart" action="RemoveBuff" buff="buffIsSleeping" target="self"/>
				<triggered_effect trigger="onSelfBuffUpdate" action="RemoveBuff" buff="buffIsSleeping" target="self"/>
		</effect_group>
		<effect_group name="Sleeping Event">
			<requirement name="IsBloodMoon" invert="true"/>
			<requirement name="CVarCompare" cvar="SleepyCounter" operation="GTE" value="1"/>
			<requirement name="HasBuff" buff="buffCrouching"/>
				<triggered_effect trigger="onSelfBuffStart" action="CallGameEvent" event="actionIsSleeping"/>
				<triggered_effect trigger="onSelfBuffUpdate" action="CallGameEvent" event="actionIsSleeping"/>
		</effect_group>
		<effect_group name="Set CVars">
			<requirement name="IsBloodMoon" invert="true"/>
			<requirement name="HasBuff" buff="buffCrouching"/>
				<triggered_effect trigger="onSelfBuffStart" action="ModifyCVar" cvar="SleepyCounter" operation="subtract" value="1" target="self">
					<requirement name="CVarCompare" cvar="SleepyCounter" operation="GTE" value="1"/>
				</triggered_effect>		
				<triggered_effect trigger="onSelfBuffUpdate" action="ModifyCVar" cvar="SleepyCounter" operation="subtract" value="1" target="self">
					<requirement name="CVarCompare" cvar="SleepyCounter" operation="GTE" value="1"/>
				</triggered_effect>		
		</effect_group>
		<effect_group name="Attach">
			<requirement name="IsBloodMoon" invert="true"/>
				<triggered_effect trigger="onSelfBuffStart" action="AddPart" part="IsSleepingPlayer" prefab="#@modfolder:Resources/TelricsSleepingA20.unity3d?ParticleEffectIsSleepingPlayerPrefab" localPos="0,0,.56" localRot="0,0,0" parentTransform="Camera">
					<requirement name="HasBuff" buff="buffCrouching"/>
				</triggered_effect>
				<triggered_effect trigger="onSelfBuffUpdate" action="AddPart" part="IsSleepingPlayer" prefab="#@modfolder:Resources/TelricsSleepingA20.unity3d?ParticleEffectIsSleepingPlayerPrefab" localPos="0,0,.56" localRot="0,0,0" parentTransform="Camera">
					<requirement name="HasBuff" buff="buffCrouching"/>
				</triggered_effect>
				<triggered_effect trigger="onSelfBuffUpdate" action="RemovePart" part="IsSleepingPlayer">
					<requirement name="NotHasBuff" buff="buffCrouching"/>
				</triggered_effect>
				
				<triggered_effect trigger="onSelfBuffFinish" action="RemovePart" part="IsSleepingPlayer"/>
				<triggered_effect trigger="onSelfBuffRemove" action="RemovePart" part="IsSleepingPlayer"/>
				<triggered_effect trigger="onSelfDied" action="RemovePart" part="IsSleepingPlayer"/>
				
				<triggered_effect trigger="onSelfBuffStart" action="AddPart" part="SleepingZPlayer" prefab="#@modfolder:Resources/TelricsSleepingA20.unity3d?ParticleEffectSleepingZPlayerPrefab" localPos="0,0,.56" localRot="0,0,0" parentTransform="Camera">
					<requirement name="HasBuff" buff="buffCrouching"/>
				</triggered_effect>
				<triggered_effect trigger="onSelfBuffUpdate" action="AddPart" part="SleepingZPlayer" prefab="#@modfolder:Resources/TelricsSleepingA20.unity3d?ParticleEffectSleepingZPlayerPrefab" localPos="0,0,.56" localRot="0,0,0" parentTransform="Camera">
					<requirement name="HasBuff" buff="buffCrouching"/>
				</triggered_effect>
				<triggered_effect trigger="onSelfBuffUpdate" action="RemovePart" part="SleepingZPlayer">
					<requirement name="NotHasBuff" buff="buffCrouching"/>
				</triggered_effect>
				
				<triggered_effect trigger="onSelfBuffFinish" action="RemovePart" part="SleepingZPlayer"/>
				<triggered_effect trigger="onSelfBuffRemove" action="RemovePart" part="SleepingZPlayer"/>
				<triggered_effect trigger="onSelfDied" action="RemovePart" part="SleepingZPlayer"/>
		</effect_group>
		<effect_group name="Disable Weapons">
			<requirement name="IsBloodMoon" invert="true"/>
			<requirement name="HasBuff" buff="buffCrouching"/>
				<passive_effect name="DisableItem" operation="base_set" value="1" tags="weapon" />
				<passive_effect name="DisableItem" operation="base_set" value="1" tags="tool" />
				<passive_effect name="DisableItem" operation="base_set" value="1" tags="medical" />
				<passive_effect name="DisableItem" operation="base_set" value="1" tags="food" />
		</effect_group>


	<!-- mjedit - sleeping helps heal critical injuries -->
		<effect_group name="Get Healthy ArmHurt CVars">
			<requirement name="IsBloodMoon" invert="true"/>
			<requirement name="HasBuff" buff="buffCrouching"/>
			<triggered_effect trigger="onSelfBuffStart" action="ModifyCVar" cvar="$armHurtCounter" operation="subtract" value="3" target="self">
				<requirement name="CVarCompare" cvar="SleepyCounter" operation="GTE" value="1"/>
				<requirements compare_type="or">
					<requirement name="HasBuff" buff="buffArmSprained"/>
					<requirement name="HasBuff" buff="buffArmBroken"/>
					<requirement name="HasBuff" buff="buffArmSplinted"/>
					<requirement name="HasBuff" buff="buffArmCast"/>
				</requirements>
			</triggered_effect>		
			<triggered_effect trigger="onSelfBuffUpdate" action="ModifyCVar" cvar="$armHurtCounter" operation="subtract" value="1" target="self">
				<requirement name="CVarCompare" cvar="SleepyCounter" operation="GTE" value="1"/>
				<requirements compare_type="or">
					<requirement name="HasBuff" buff="buffArmSprained"/>
					<requirement name="HasBuff" buff="buffArmBroken"/>
					<requirement name="HasBuff" buff="buffArmSplinted"/>
					<requirement name="HasBuff" buff="buffArmCast"/>
				</requirements>
			</triggered_effect>		
		</effect_group>
		<effect_group name="Get Healthy LegHurt CVars">
			<requirement name="IsBloodMoon" invert="true"/>
			<requirement name="HasBuff" buff="buffCrouching"/>
			<triggered_effect trigger="onSelfBuffStart" action="ModifyCVar" cvar="$legHurtCounter" operation="subtract" value="5" target="self">
				<requirement name="CVarCompare" cvar="SleepyCounter" operation="GTE" value="1"/>
				<requirements compare_type="or">
					<requirement name="HasBuff" buff="buffLegSprained"/>
					<requirement name="HasBuff" buff="buffLegBroken"/>
					<requirement name="HasBuff" buff="buffLegSplinted"/>
					<requirement name="HasBuff" buff="buffLegCast"/>
				</requirements>
			</triggered_effect>		
			<triggered_effect trigger="onSelfBuffUpdate" action="ModifyCVar" cvar="$legHurtCounter" operation="subtract" value="2" target="self">
				<requirement name="CVarCompare" cvar="SleepyCounter" operation="GTE" value="1"/>
				<requirements compare_type="or">
					<requirement name="HasBuff" buff="buffLegSprained"/>
					<requirement name="HasBuff" buff="buffLegBroken"/>
					<requirement name="HasBuff" buff="buffLegSplinted"/>
					<requirement name="HasBuff" buff="buffLegCast"/>
				</requirements>
			</triggered_effect>		
		</effect_group>
		<effect_group name="Get Healthy Fatigue CVars">
			<requirement name="IsBloodMoon" invert="true"/>
			<requirement name="HasBuff" buff="buffCrouching"/>
			<triggered_effect trigger="onSelfBuffStart" action="ModifyCVar" cvar="$fatiguedCounter" operation="subtract" value="3" target="self">
				<requirement name="CVarCompare" cvar="SleepyCounter" operation="GTE" value="1"/>
				<requirement name="HasBuff" buff="buffFatigued"/>
			</triggered_effect>		
			<triggered_effect trigger="onSelfBuffUpdate" action="ModifyCVar" cvar="$fatiguedCounter" operation="subtract" value="2" target="self">
				<requirement name="CVarCompare" cvar="SleepyCounter" operation="GTE" value="1"/>
				<requirement name="HasBuff" buff="buffFatigued"/>
				<requirement name="ProgressionLevel" progression_name="perkSlowMetabolism" operation="GTE" value="1"/>
			</triggered_effect>		
		</effect_group>
		<effect_group name="Get Healthy Laceration CVars">
			<requirement name="IsBloodMoon" invert="true"/>
			<requirement name="HasBuff" buff="buffCrouching"/>
			<triggered_effect trigger="onSelfBuffStart" action="ModifyCVar" cvar="$lacerationCounter" operation="subtract" value="1" target="self">
				<requirement name="CVarCompare" cvar="SleepyCounter" operation="GTE" value="1"/>
				<requirement name="HasBuff" buff="buffLaceration"/>
			</triggered_effect>		
			<triggered_effect trigger="onSelfBuffUpdate" action="ModifyCVar" cvar="$lacerationCounter" operation="subtract" value="1" target="self">
				<requirement name="CVarCompare" cvar="SleepyCounter" operation="GTE" value="1"/>
				<requirement name="HasBuff" buff="buffLaceration"/>
				<requirement name="ProgressionLevel" progression_name="perkHealingFactor" operation="GTE" value="1"/>
			</triggered_effect>		
		</effect_group>
		<effect_group name="Get Healthy Concussion CVars">
			<requirement name="IsBloodMoon" invert="true"/>
			<requirement name="HasBuff" buff="buffCrouching"/>
			<triggered_effect trigger="onSelfBuffStart" action="ModifyCVar" cvar="$concussionCounter" operation="subtract" value="3" target="self">
				<requirement name="CVarCompare" cvar="SleepyCounter" operation="GTE" value="1"/>
				<requirement name="HasBuff" buff="buffInjuryConcussion"/>
			</triggered_effect>		
			<triggered_effect trigger="onSelfBuffUpdate" action="ModifyCVar" cvar="$concussionCounter" operation="subtract" value="1" target="self">
				<requirement name="CVarCompare" cvar="SleepyCounter" operation="GTE" value="1"/>
				<requirement name="HasBuff" buff="buffInjuryConcussion"/>
			</triggered_effect>		
		</effect_group>
		<effect_group name="Get Healthy FightInfection CVars">
			<requirement name="IsBloodMoon" invert="true"/>
			<requirement name="HasBuff" buff="buffCrouching"/>
			<triggered_effect trigger="onSelfBuffStart" action="ModifyCVar" cvar="infectionCounter" operation="subtract" value="3" target="self">
				<requirement name="CVarCompare" cvar="SleepyCounter" operation="GTE" value="1"/>
				<requirement name="HasBuff" buff="buffInfectionMain"/>
			</triggered_effect>		
			<triggered_effect trigger="onSelfBuffUpdate" action="ModifyCVar" cvar="infectionCounter" operation="subtract" value="1" target="self">
				<requirement name="CVarCompare" cvar="SleepyCounter" operation="GTE" value="1"/>
				<requirement name="HasBuff" buff="buffInfectionMain"/>
				<requirement name="ProgressionLevel" progression_name="perkHealingFactor" operation="Equals" value="1"/>
				<requirement name="ProgressionLevel" progression_name="perkSlowMetabolism" operation="Equals" value="1"/>
				<requirement name="RandomRoll" seed_type="Random" min_max="0,100" operation="LTE" value="13"/>
			</triggered_effect>		
			<triggered_effect trigger="onSelfBuffUpdate" action="ModifyCVar" cvar="infectionCounter" operation="subtract" value="2" target="self">
				<requirement name="CVarCompare" cvar="SleepyCounter" operation="GTE" value="1"/>
				<requirement name="HasBuff" buff="buffInfectionMain"/>
				<requirement name="ProgressionLevel" progression_name="perkHealingFactor" operation="Equals" value="2"/>
				<requirement name="ProgressionLevel" progression_name="perkSlowMetabolism" operation="Equals" value="2"/>
				<requirement name="RandomRoll" seed_type="Random" min_max="0,100" operation="LTE" value="17"/>
			</triggered_effect>		
			<triggered_effect trigger="onSelfBuffUpdate" action="ModifyCVar" cvar="infectionCounter" operation="subtract" value="3" target="self">
				<requirement name="CVarCompare" cvar="SleepyCounter" operation="GTE" value="1"/>
				<requirement name="HasBuff" buff="buffInfectionMain"/>
				<requirement name="ProgressionLevel" progression_name="perkHealingFactor" operation="Equals" value="3"/>
				<requirement name="ProgressionLevel" progression_name="perkSlowMetabolism" operation="Equals" value="3"/>
				<requirement name="RandomRoll" seed_type="Random" min_max="0,100" operation="LTE" value="22"/>
			</triggered_effect>		
			<triggered_effect trigger="onSelfBuffUpdate" action="ModifyCVar" cvar="infectionCounter" operation="subtract" value="4" target="self">
				<requirement name="CVarCompare" cvar="SleepyCounter" operation="GTE" value="1"/>
				<requirement name="HasBuff" buff="buffInfectionMain"/>
				<requirement name="ProgressionLevel" progression_name="perkHealingFactor" operation="Equals" value="4"/>
				<requirement name="ProgressionLevel" progression_name="perkSlowMetabolism" operation="Equals" value="4"/>
				<requirement name="RandomRoll" seed_type="Random" min_max="0,100" operation="LTE" value="33"/>
			</triggered_effect>		
			<triggered_effect trigger="onSelfBuffUpdate" action="ModifyCVar" cvar="infectionCounter" operation="subtract" value="5" target="self">
				<requirement name="CVarCompare" cvar="SleepyCounter" operation="GTE" value="1"/>
				<requirement name="HasBuff" buff="buffInfectionMain"/>
				<requirement name="ProgressionLevel" progression_name="perkHealingFactor" operation="Equals" value="5"/>
				<requirement name="ProgressionLevel" progression_name="perkSlowMetabolism" operation="Equals" value="5"/>
				<requirement name="RandomRoll" seed_type="Random" min_max="0,100" operation="LTE" value="42"/>
			</triggered_effect>		
		</effect_group>

		</buff>

</append>

</configs>