<configs>
<append xpath="/items">
<item name="sleepingCVarTester">
	<property name="HoldType" value="16"/>
	<property name="Meshfile" value="@:Other/Items/Health/painkillersPrefab.prefab"/>
	<property name="DropMeshfile" value="@:Other/Items/Misc/sack_droppedPrefab.prefab"/>
	<property name="Material" value="Morganic"/>
	<property name="CreativeMode" value="Dev"/>
	<property name="CustomIcon" value="drugPainkillers"/> <property name="CustomIconTint" value="0404ff"/>
	<property name="ItemTypeIcon" value="computer"/>
	<property name="SellableToTrader" value="false"/>
	<property class="Action0">
		<property name="Class" value="Eat"/>
		<property name="Delay" value="1.0"/>
		<property name="Use_time" value="..."/>
		<property name="Sound_start" value="player_painkillers"/>
		<property name="Gain_food" value="1000"/>
		<property name="Gain_water" value="1000"/>
		<property name="Gain_wellness" value="1000"/>
		<property name="Buff" value="buffdrugBluePillAdmin"/>
	</property>
	<property class="Action1">
		<property name="Class" value="Eat"/>
		<property name="Delay" value="1.0"/>
		<property name="Use_time" value="..."/>
		<property name="Sound_start" value="player_painkillers"/>
		<property name="Gain_food" value="1000"/>
		<property name="Gain_water" value="1000"/>
		<property name="Gain_wellness" value="1000"/>
		<property name="Buff" value="buffdrugBluePillAdmin"/>
	</property>
	<effect_group name="Test" tiered="false">
		<triggered_effect trigger="onSelfPrimaryActionEnd" action="ModifyCVar" cvar="SleepyCounter" operation="add" value="10"/>
		<triggered_effect trigger="onSelfSecondaryActionEnd" action="ModifyCVar" cvar="SleepyCounter" operation="add" value="100"/>
	</effect_group>
</item>

</append>
</configs>